,City,Country,Lat,Lng,Max Temp,Humidity,Cloudiness,Wind Speed,Description
0,Beringovskiy,RU,63.05,179.3167,-13.97,94,100,11.3,overcast clouds
1,Arraial Do Cabo,BR,-22.9661,-42.0278,74.34,94,99,6.44,overcast clouds
2,Vaini,TO,-21.2,-175.2,84.36,79,75,14.97,moderate rain
3,Port Lincoln,AU,-34.7333,135.8667,64.76,57,83,15.57,broken clouds
4,Airai,TL,-8.9266,125.4092,70.52,64,93,4.63,overcast clouds
5,Bluff,NZ,-46.6,168.3333,59.25,94,100,5.17,light rain
6,North Bend,US,43.4065,-124.2243,53.92,82,100,6.91,overcast clouds
7,Tombouctou,ML,20.0,-3.0,60.66,22,100,10.02,overcast clouds
8,Broome,US,42.2506,-75.833,57.38,90,100,13.8,overcast clouds
9,Kahului,US,20.8947,-156.47,78.96,88,40,16.11,light rain
10,Dikson,RU,73.5069,80.5464,-14.85,99,100,1.61,overcast clouds
11,Kapaa,US,22.0752,-159.319,78.78,92,100,8.05,overcast clouds
12,Basak,PH,6.7274,124.1512,77.58,77,92,3.0,overcast clouds
13,Rikitea,PF,-23.1203,-134.9692,78.93,74,100,15.68,overcast clouds
14,Nehe,CN,48.4833,124.8333,-8.37,87,17,5.06,few clouds
15,Ushuaia,AR,-54.8,-68.3,44.26,65,0,3.44,clear sky
16,Saint George,US,37.1041,-113.5841,45.43,82,0,3.44,clear sky
17,Nome,US,64.5011,-165.4064,17.67,100,0,8.05,clear sky
18,Buraydah,SA,26.326,43.975,52.14,68,0,7.83,clear sky
19,Padang,ID,-0.9492,100.3543,77.05,82,100,1.57,overcast clouds
20,Nha Trang,VN,12.25,109.1833,75.2,95,100,12.73,overcast clouds
21,Mataura,NZ,-46.1927,168.8643,66.0,80,100,1.97,light rain
22,Tarko-Sale,RU,64.9225,77.785,-0.62,95,100,17.36,overcast clouds
23,Nanortalik,GL,60.1432,-45.2371,23.79,73,100,21.09,overcast clouds
24,Blackwater,AU,-23.5833,148.8833,81.16,58,84,5.03,broken clouds
25,Hermanus,ZA,-34.4187,19.2345,56.8,65,100,13.13,light rain
26,Hervey Bay,AU,-25.2986,152.8535,72.99,90,100,9.37,overcast clouds
27,Saint-Philippe,RE,-21.3585,55.7679,74.79,81,46,10.54,light rain
28,Nuevo Ideal,MX,24.8875,-105.0728,54.79,28,6,4.81,clear sky
29,Bichura,RU,50.5881,107.6022,-13.83,97,16,1.66,few clouds
30,Tuktoyaktuk,CA,69.4541,-133.0374,0.66,97,98,7.07,overcast clouds
31,Port Blair,IN,11.6667,92.75,79.38,78,17,10.6,few clouds
32,Cayenne,GF,4.9333,-52.3333,75.24,94,75,1.14,moderate rain
33,Atuona,PF,-9.8,-139.0333,78.98,71,0,20.02,clear sky
34,Bredasdorp,ZA,-34.5322,20.0403,60.26,61,100,10.85,overcast clouds
35,Strezhevoy,RU,60.7333,77.5889,6.01,97,100,6.85,overcast clouds
36,Baker City,US,44.7749,-117.8344,36.64,76,100,10.36,overcast clouds
37,Caravelas,BR,-17.7125,-39.2481,76.96,86,100,9.89,overcast clouds
38,Busselton,AU,-33.65,115.3333,78.98,41,0,13.47,clear sky
39,Khatanga,RU,71.9667,102.5,-43.65,100,94,2.75,overcast clouds
40,Kavieng,PG,-2.5744,150.7967,84.06,66,61,2.57,broken clouds
41,Ugoofaaru,MV,5.6667,73.0,79.18,68,34,7.85,scattered clouds
42,Puteyets,RU,65.1716,57.091,-18.27,100,100,1.34,overcast clouds
43,Vuktyl,RU,63.8567,57.3094,-9.36,97,100,2.62,overcast clouds
44,Nikolskoye,RU,59.7035,30.7861,12.79,98,77,1.9,broken clouds
45,Punta Arenas,CL,-53.15,-70.9167,46.51,87,100,8.05,moderate rain
46,Viedma,AR,-40.8135,-62.9967,73.83,36,100,8.25,overcast clouds
47,Hobart,AU,-42.8794,147.3294,63.27,85,75,12.66,broken clouds
48,Saskylakh,RU,71.9167,114.0833,-49.38,100,93,1.1,overcast clouds
49,Narsaq,GL,60.9167,-46.05,34.02,69,100,15.05,overcast clouds
50,Karratha,AU,-20.7377,116.8463,89.78,48,45,2.42,scattered clouds
51,Leningradskiy,RU,69.3833,178.4167,-17.54,96,100,10.09,overcast clouds
52,Kapit,MY,2.0167,112.9333,77.14,87,50,1.43,scattered clouds
53,Bethel,US,41.3712,-73.414,56.16,87,100,6.91,moderate rain
54,Broken Hill,AU,-31.95,141.4333,70.56,29,0,19.33,clear sky
55,Valparaiso,CL,-33.0393,-71.6273,62.24,82,20,5.75,few clouds
56,Port Hueneme,US,34.1478,-119.1951,62.26,95,100,16.11,mist
57,East London,ZA,-33.0153,27.9116,66.63,92,100,7.83,light rain
58,Albany,US,42.6001,-73.9662,40.64,93,100,2.57,overcast clouds
59,Bozeman,US,45.6796,-111.0386,29.62,69,0,5.75,clear sky
60,Saldanha,ZA,-33.0117,17.9442,61.11,73,0,28.48,clear sky
61,Butaritari,KI,3.0707,172.7902,81.14,72,100,16.37,overcast clouds
62,Singapore,SG,1.2897,103.8501,82.35,79,75,9.22,broken clouds
63,Bambanglipuro,ID,-7.95,110.2833,77.56,87,100,7.34,overcast clouds
64,Tasiilaq,GL,65.6145,-37.6368,6.96,64,99,6.24,overcast clouds
65,Sakakah,SA,29.9697,40.2064,42.17,76,0,10.11,clear sky
66,Poli,TZ,-3.3333,36.8,59.32,90,96,3.29,overcast clouds
67,Avarua,CK,-21.2078,-159.775,82.45,57,40,6.91,scattered clouds
68,Piranhas,BR,-16.4269,-51.8222,72.37,95,100,3.65,overcast clouds
69,Klaksvik,FO,62.2266,-6.589,34.72,77,22,1.54,few clouds
70,Norman Wells,CA,65.282,-126.8329,-7.35,97,22,4.21,few clouds
71,Najran,SA,17.4924,44.1277,59.61,52,38,6.76,scattered clouds
72,Alofi,NU,-19.0595,-169.9187,78.8,67,100,13.78,overcast clouds
73,Bull Savanna,JM,17.8868,-77.5902,72.09,73,1,5.68,clear sky
74,Luganville,VU,-15.5333,167.1667,78.03,94,100,3.74,light rain
75,Misratah,LY,32.3754,15.0925,62.22,61,100,7.67,overcast clouds
76,Upernavik,GL,72.7868,-56.1549,-20.69,84,28,10.38,scattered clouds
77,Shingu,JP,33.7333,135.9833,46.24,47,10,4.74,clear sky
78,Ovsyanka,RU,55.9575,92.5519,20.37,96,99,5.14,overcast clouds
79,New Norfolk,AU,-42.7826,147.0587,62.91,51,55,1.99,broken clouds
80,Karlovo,BG,42.6333,24.8,43.12,90,83,2.06,broken clouds
81,Matara,LK,5.9485,80.5353,72.09,90,6,4.9,clear sky
82,Tuatapere,NZ,-46.1333,167.6833,64.42,80,100,3.38,overcast clouds
83,Rio Grande,BR,-32.035,-52.0986,69.53,73,0,9.55,clear sky
84,Port Alfred,ZA,-33.5906,26.891,64.18,91,100,1.99,light rain
85,Provideniya,RU,64.3833,-173.3,1.8,94,100,7.43,overcast clouds
86,Kodiak,US,57.79,-152.4072,33.31,100,100,3.44,light rain
87,Nouadhibou,MR,20.931,-17.0347,68.72,48,78,14.14,broken clouds
88,Camacha,PT,33.0833,-16.3333,56.62,72,20,4.61,few clouds
89,Mandalgovi,MN,45.7625,106.2708,6.53,74,100,8.08,overcast clouds
90,Majene,ID,-3.5403,118.9707,77.61,84,100,5.08,overcast clouds
91,Pantelho,MX,16.9333,-92.55,58.05,98,10,0.45,light rain
92,Samarai,PG,-10.6167,150.6667,83.61,73,100,7.16,overcast clouds
93,Carutapera,BR,-1.195,-46.02,77.72,85,98,7.18,overcast clouds
94,Komsomolskiy,UZ,40.4272,71.7189,30.92,93,5,6.91,mist
95,Chokurdakh,RU,70.6333,147.9167,-48.48,100,65,0.92,broken clouds
96,Cape Town,ZA,-33.9258,18.4232,62.11,73,81,13.0,broken clouds
97,Udachnyy,RU,66.4167,112.4,-35.55,65,98,1.48,overcast clouds
98,Orocue,CO,4.7912,-71.3354,81.7,56,79,7.81,broken clouds
99,Balabac,PH,7.9868,117.0645,79.27,85,100,11.43,overcast clouds
100,Thompson,CA,55.7435,-97.8558,14.72,96,100,5.7,overcast clouds
101,Barrow,US,71.2906,-156.7887,3.22,92,100,17.27,light snow
102,Asau,RO,46.4333,26.4,33.28,81,54,7.54,broken clouds
103,Laguna,US,38.421,-121.4238,63.18,67,20,33.38,few clouds
104,Maningrida,AU,-12.0667,134.2667,85.98,67,100,15.43,overcast clouds
105,Havelock,US,34.8791,-76.9013,64.94,89,0,8.05,clear sky
106,Torquay,GB,50.4638,-3.5143,52.86,96,100,7.0,overcast clouds
107,Ponta Do Sol,PT,32.6667,-17.1,62.71,78,3,3.98,clear sky
108,Bang Saphan,TH,11.2126,99.5117,76.14,70,100,8.43,overcast clouds
109,Pisco,PE,-13.7,-76.2167,69.85,88,0,3.44,clear sky
110,San Cristobal,VE,7.7669,-72.225,68.18,97,84,1.74,broken clouds
111,Makakilo City,US,21.3469,-158.0858,75.52,84,100,6.91,light rain
112,Ouadda,CF,8.0777,22.4007,68.22,40,16,6.55,few clouds
113,Hambantota,LK,6.1241,81.1185,74.28,82,93,13.06,overcast clouds
114,Castro,BR,-24.7911,-50.0119,55.27,96,100,6.38,overcast clouds
115,Omboue,GA,-1.5746,9.2618,76.5,87,100,6.11,light rain
116,Kulhudhuffushi,MV,6.6221,73.07,78.82,68,0,5.1,clear sky
117,Mareeba,AU,-17.0,145.4333,80.47,90,100,5.64,overcast clouds
118,Avera,US,33.194,-82.5271,62.11,95,0,6.26,clear sky
119,Talaya,RU,61.3833,152.75,-36.06,99,58,0.43,broken clouds
120,Coruripe,BR,-10.1256,-36.1756,77.13,83,41,10.85,scattered clouds
121,Coari,BR,-4.085,-63.1414,74.53,96,100,2.86,overcast clouds
122,Anloga,GH,5.7947,0.8973,78.8,77,100,7.49,overcast clouds
123,College,US,64.8569,-147.8028,0.07,82,75,0.0,broken clouds
124,Geraldton,AU,-28.7667,114.6,95.41,14,3,24.16,clear sky
125,Iranshahr,IR,27.2025,60.6848,55.24,25,23,3.0,few clouds
126,Mar Del Plata,AR,-38.0023,-57.5575,72.95,40,0,10.36,clear sky
127,Cairns,AU,-16.9167,145.7667,85.1,83,100,5.75,overcast clouds
128,Oktyabrskoye,RU,43.0645,44.7417,35.74,100,100,2.24,fog
129,Aromashevo,RU,56.8602,68.6375,-0.76,96,100,4.56,overcast clouds
130,Marsh Harbour,BS,26.5412,-77.0636,75.72,80,100,8.34,overcast clouds
131,Bilma,NE,18.6853,12.9164,57.67,33,13,7.38,few clouds
132,Ixtapa,MX,20.7,-105.2,74.43,78,0,5.75,clear sky
133,Richards Bay,ZA,-28.783,32.0377,72.72,93,99,14.09,light rain
134,Jamestown,US,42.097,-79.2353,57.02,70,100,7.0,overcast clouds
135,North Platte,US,41.1239,-100.7654,24.39,84,0,8.05,clear sky
136,Yarkovo,RU,57.4028,67.0786,-2.34,98,100,3.38,overcast clouds
137,Vardo,NO,70.3705,31.1107,30.18,74,100,6.91,overcast clouds
138,Gat,IL,31.61,34.7642,56.39,78,18,4.09,few clouds
139,Buala,SB,-8.145,159.5921,82.02,84,100,11.16,moderate rain
140,Kaitangata,NZ,-46.2817,169.8464,66.42,72,100,4.79,light rain
141,Novikovo,RU,51.1537,37.8879,31.75,75,100,9.69,overcast clouds
142,Qaanaaq,GL,77.484,-69.3632,-18.69,85,100,5.73,overcast clouds
143,Miranda,CO,3.2499,-76.2281,69.93,86,100,3.53,overcast clouds
144,Hilo,US,19.7297,-155.09,78.53,83,100,8.05,light rain
145,Hofn,IS,64.2539,-15.2082,33.44,81,92,7.47,overcast clouds
146,Smirnykh,RU,49.75,142.8333,7.66,83,100,7.78,overcast clouds
147,Pangody,RU,65.85,74.4859,-3.91,97,100,16.42,overcast clouds
148,Cheremshan,RU,54.6667,51.5,-11.6,100,41,3.06,scattered clouds
149,Bandarbeyla,SO,9.4942,50.8122,74.68,77,100,14.47,overcast clouds
150,Bubaque,GW,11.2833,-15.8333,78.58,75,100,6.04,overcast clouds
151,Tierra Colorada,MX,17.1667,-99.5833,77.56,78,0,1.14,clear sky
152,Dingle,PH,10.9995,122.6711,80.06,84,68,11.74,broken clouds
153,Longyearbyen,SJ,78.2186,15.6401,30.04,86,75,4.61,light snow
154,Ribeira Grande,PT,38.5167,-28.7,57.78,85,25,1.99,scattered clouds
155,Port Hedland,AU,-20.3167,118.5667,98.65,23,100,18.41,overcast clouds
156,Tiksi,RU,71.6872,128.8694,-30.12,100,98,0.67,overcast clouds
157,Oakdale,US,44.963,-92.9649,32.16,97,100,8.05,snow
158,Iqaluit,CA,63.7506,-68.5145,-13.27,75,100,34.52,light snow
159,Sur,OM,22.5667,59.5289,67.62,63,1,1.23,clear sky
160,Sandeid,NO,59.5449,5.8636,35.55,87,100,6.13,light rain
161,Colac,AU,-38.3333,143.5833,66.16,38,1,6.31,clear sky
162,Vaitape,PF,-16.5167,-151.75,81.5,73,100,14.85,light rain
163,Cherskiy,RU,68.75,161.3,-51.72,100,70,2.95,broken clouds
164,Axim,GH,4.8699,-2.2405,78.12,79,100,4.36,overcast clouds
165,Cotacachi,EC,0.3,-78.2667,58.55,95,96,0.98,overcast clouds
166,Guanica,PR,17.9716,-66.908,75.22,80,20,8.55,few clouds
167,Cidreira,BR,-30.1811,-50.2056,70.57,83,0,10.54,clear sky
168,Krasnoselkup,RU,65.7,82.4667,-16.92,90,97,11.97,overcast clouds
169,Ishigaki,JP,24.3448,124.1572,68.13,83,75,13.8,light intensity shower rain
170,Poum,NC,-20.2333,164.0167,78.96,71,20,3.0,few clouds
171,Lakatoro,VU,-16.0999,167.4164,79.41,89,100,11.59,overcast clouds
172,Pueblo,US,38.2545,-104.6091,36.36,59,0,6.91,clear sky
173,Katsuura,JP,35.1333,140.3,45.05,40,6,12.28,clear sky
174,Kholmogory,RU,64.2229,41.656,-4.22,99,85,4.32,overcast clouds
175,Kieta,PG,-6.2167,155.6333,81.66,82,100,9.08,light rain
176,Port Hardy,CA,50.6996,-127.4199,42.46,83,100,16.89,overcast clouds
177,Rongcheng,CN,30.634,117.8517,47.39,69,13,1.41,few clouds
178,Siderno,IT,38.2779,16.302,56.34,82,31,4.79,scattered clouds
179,Antofagasta,CL,-23.65,-70.4,67.28,77,8,2.42,clear sky
180,Birnin Kebbi,NG,12.4539,4.1975,69.04,31,81,10.16,broken clouds
181,Platanos,GR,37.6667,21.6167,51.08,83,6,4.41,clear sky
182,Aljezur,PT,37.3191,-8.8033,52.86,89,0,5.37,clear sky
183,Anito,PH,12.4497,125.2886,78.96,91,93,14.09,light rain
184,Ballina,AU,-28.8667,153.5667,80.02,85,100,3.02,overcast clouds
185,Xining,CN,36.6167,101.7667,20.82,29,84,2.28,broken clouds
186,Sibiti,CG,-3.6819,13.3499,68.52,98,100,2.64,light rain
187,Registro,BR,-24.4875,-47.8436,64.9,100,100,0.94,overcast clouds
188,Morwa,IN,22.9,73.8333,52.52,39,0,13.13,clear sky
189,Los Llanos De Aridane,ES,28.6585,-17.9182,64.15,77,100,10.0,overcast clouds
190,Del Rio,US,29.3627,-100.8968,71.71,24,0,0.0,clear sky
191,Awbari,LY,26.5921,12.7805,49.6,59,0,6.33,clear sky
192,San Quintin,MX,30.4833,-115.95,60.55,79,48,3.51,scattered clouds
193,Chuy,UY,-33.6971,-53.4616,64.47,64,4,8.79,clear sky
194,Praia,CV,14.9215,-23.5087,73.94,78,100,18.41,overcast clouds
195,Walldurn,DE,49.5833,9.3667,49.17,89,100,20.04,overcast clouds
196,Salina Cruz,MX,16.1667,-95.2,81.41,66,0,9.31,clear sky
197,Mount Gambier,AU,-37.8333,140.7667,68.05,48,3,10.54,clear sky
198,Westport,US,41.1415,-73.3579,56.75,89,100,5.01,light rain
199,Shestakovo,RU,56.4915,103.96,-11.15,99,99,4.21,overcast clouds
200,Lesosibirsk,RU,58.2358,92.4828,1.11,99,91,4.68,overcast clouds
201,Pangkalanbuun,ID,-2.6833,111.6167,81.36,73,100,4.47,overcast clouds
202,Rafai,CF,4.95,23.9167,71.01,43,22,3.96,few clouds
203,Mehamn,NO,71.0357,27.8492,26.51,79,100,6.91,light snow
204,Rawson,AR,-43.3002,-65.1023,72.32,36,11,9.08,few clouds
205,Diamantino,BR,-14.4086,-56.4461,70.72,98,100,2.66,overcast clouds
206,Vanavara,RU,60.34,102.2797,-4.11,99,100,2.28,overcast clouds
207,Charters Towers,AU,-20.1,146.2667,73.72,91,100,8.95,light rain
208,Dubno,UA,50.4169,25.7343,40.89,80,100,20.24,light rain
209,Torbay,CA,47.6666,-52.7314,39.58,92,100,4.0,overcast clouds
210,Imphal,IN,24.8167,93.95,49.91,100,20,5.75,mist
211,Poronaysk,RU,49.2167,143.1167,7.59,82,99,7.2,overcast clouds
212,Teguldet,RU,57.3064,88.1667,19.2,93,100,8.95,light snow
213,Kavaratti,IN,10.5669,72.642,80.37,69,2,7.23,clear sky
214,Henties Bay,NA,-22.116,14.2845,62.53,90,34,10.47,scattered clouds
215,Isangel,VU,-19.55,169.2667,83.73,70,100,3.13,overcast clouds
216,Nelson Bay,AU,-32.7167,152.15,71.01,87,100,18.01,overcast clouds
217,Bambous Virieux,MU,-20.3428,57.7575,77.25,88,75,8.05,light rain
218,Sampit,ID,-2.5333,112.95,79.72,77,100,4.65,overcast clouds
219,Panjab,AF,34.388,67.0233,4.12,68,0,3.89,clear sky
220,Motril,ES,36.7507,-3.5179,54.27,98,2,3.47,clear sky
221,Ketchikan,US,55.3422,-131.6461,44.58,81,0,6.91,clear sky
222,Tsabong,BW,-26.0217,22.401,72.12,69,97,2.53,overcast clouds
223,Ismailia,EG,30.6043,32.2723,57.81,70,93,7.85,overcast clouds
224,Tecoanapa,MX,16.5167,-98.75,77.56,76,0,6.96,clear sky
225,Logstor,DK,56.9624,9.2583,37.81,86,100,22.17,overcast clouds
226,Tupiza,BO,-21.45,-65.7167,49.89,70,97,5.88,overcast clouds
227,Ancud,CL,-41.8697,-73.8203,56.88,91,2,3.44,clear sky
228,Guhagar,IN,17.4842,73.1929,69.26,73,0,3.31,clear sky
229,Macusani,PE,-14.0833,-70.4333,38.7,92,100,4.76,overcast clouds
230,San Policarpo,PH,12.1791,125.5072,80.06,87,64,16.64,broken clouds
231,Tura,IN,25.5198,90.2201,53.82,74,0,4.27,clear sky
232,Lukovetskiy,RU,64.2956,41.9211,-3.03,98,99,4.61,overcast clouds
233,Ierapetra,GR,35.01,25.7353,57.15,69,1,8.01,clear sky
234,Inhambane,MZ,-23.865,35.3833,78.66,82,38,7.45,scattered clouds
235,Puerto Ayora,EC,-0.7393,-90.3518,73.54,93,59,3.0,broken clouds
236,Isla Mujeres,MX,21.2311,-86.731,78.85,81,10,8.23,clear sky
237,Kargasok,RU,59.0556,80.8572,4.69,98,100,6.38,overcast clouds
238,Gweta,BW,-20.1833,25.2333,71.49,76,100,8.12,overcast clouds
239,Faanui,PF,-16.4833,-151.75,81.5,73,100,14.85,light rain
240,Micheweni,TZ,-4.9667,39.8333,80.67,77,50,11.07,light rain
241,Ilulissat,GL,69.2167,-51.1,-0.38,46,9,3.44,clear sky
242,Husavik,IS,66.0449,-17.3389,22.28,85,100,5.19,overcast clouds
243,Lebu,CL,-37.6167,-73.65,59.14,90,100,17.2,overcast clouds
244,Souillac,MU,-20.5167,57.5167,77.38,88,75,8.05,light rain
245,Kosh-Agach,RU,50.0,88.6667,-12.6,88,100,2.53,overcast clouds
246,Sarangarh,IN,21.6,83.0833,59.38,67,36,5.73,scattered clouds
247,Vila Franca Do Campo,PT,37.7167,-25.4333,61.21,94,100,13.78,light rain
248,Labuhan,ID,-6.8844,112.2051,76.87,86,100,12.57,overcast clouds
249,Yumen,CN,40.2833,97.2,16.77,47,0,21.99,clear sky
250,Wanning,CN,18.8003,110.3967,69.01,87,100,13.06,overcast clouds
251,Pampa,US,35.5362,-100.9599,41.95,69,0,5.75,clear sky
252,Tucuman,AR,-26.8241,-65.2226,73.4,68,0,9.22,clear sky
253,General Pico,AR,-35.6566,-63.7568,74.53,31,0,10.63,clear sky
254,Bemidji,US,47.4736,-94.8803,19.17,93,75,5.75,broken clouds
255,Tighina,MD,46.8306,29.4711,34.57,71,99,10.98,overcast clouds
256,Carnarvon,AU,-24.8667,113.6333,80.74,72,3,10.04,clear sky
257,Kedrovyy,RU,56.1667,91.8167,18.01,86,100,9.84,overcast clouds
258,Grand Gaube,MU,-20.0064,57.6608,77.4,79,47,3.0,heavy intensity rain
259,Ridgecrest,US,35.6225,-117.6709,51.66,73,100,0.0,overcast clouds
260,Tagusao,PH,9.1924,117.8141,79.74,83,86,7.76,light rain
261,Southbridge,US,42.0751,-72.0334,46.85,98,100,4.0,light rain
262,Berlevag,NO,70.8578,29.0864,26.55,80,100,6.91,overcast clouds
263,Upata,VE,8.0086,-62.3989,71.19,95,80,3.18,broken clouds
264,Tocopilla,CL,-22.092,-70.1979,68.68,70,2,0.6,clear sky
265,Clyde River,CA,70.4692,-68.5914,-17.48,98,100,1.1,overcast clouds
266,Pevek,RU,69.7008,170.3133,-30.1,95,100,5.53,overcast clouds
267,Shakiso,ET,5.75,38.9167,50.11,59,0,4.56,clear sky
268,Vila Velha,BR,-20.3297,-40.2925,78.75,87,40,11.5,scattered clouds
269,Rahimatpur,IN,17.6,74.2,64.78,65,3,3.62,clear sky
270,Okha,RU,53.5739,142.9478,20.1,96,100,10.56,overcast clouds
271,Alice Springs,AU,-23.7,133.8833,74.75,60,100,12.66,overcast clouds
272,Balkanabat,TM,39.5108,54.3671,50.14,37,100,5.17,overcast clouds
273,Dongsheng,CN,39.8161,109.9776,18.45,39,0,8.1,clear sky
274,Pantai Remis,MY,4.4557,100.6288,75.22,86,100,1.68,overcast clouds
275,Codrington,AU,-38.2667,141.9667,65.59,57,75,13.38,broken clouds
276,Yellowknife,CA,62.456,-114.3525,-11.96,100,14,3.0,few clouds
277,Betsiamites,CA,48.9413,-68.646,16.2,71,52,13.02,broken clouds
278,Plettenberg Bay,ZA,-34.0527,23.3716,60.8,87,100,6.87,moderate rain
279,Kathu,TH,7.9178,98.3332,78.62,76,89,11.97,overcast clouds
280,Hasaki,JP,35.7333,140.8333,43.2,37,0,16.87,clear sky
281,Severo-Kurilsk,RU,50.6789,156.125,23.52,66,81,7.65,broken clouds
282,Jalu,LY,29.0331,21.5482,53.53,62,1,7.38,clear sky
283,Morehead,US,37.2711,-87.1764,45.0,75,0,4.61,clear sky
284,Victoria,HK,22.2855,114.1577,66.38,80,100,4.0,overcast clouds
285,Yelnya,RU,54.5786,33.1837,27.73,94,100,6.26,overcast clouds
286,Pregradnoye,RU,45.8218,41.7469,33.89,86,10,8.7,clear sky
287,Ahipara,NZ,-35.1667,173.1667,75.79,73,34,8.39,scattered clouds
288,Hamilton,US,39.1834,-84.5333,48.09,73,0,8.05,clear sky
289,Kuching,MY,1.55,110.3333,81.01,87,20,3.44,few clouds
290,Isla Vista,US,34.4133,-119.861,59.0,91,100,13.8,mist
291,Teahupoo,PF,-17.8333,-149.2667,76.96,78,100,15.7,overcast clouds
292,Coquimbo,CL,-29.9533,-71.3436,62.33,88,75,5.75,broken clouds
293,Tilichiki,RU,60.4667,166.1,-22.02,92,53,10.78,broken clouds
294,Port Elizabeth,ZA,-33.918,25.5701,63.32,92,0,9.22,light rain
295,Talnakh,RU,69.4865,88.3972,-30.8,97,46,0.92,scattered clouds
296,Juneau,US,58.3019,-134.4197,39.22,97,100,13.8,light rain
297,Cerro De Pasco,PE,-10.6833,-76.2667,33.98,98,100,2.24,snow
298,Nerchinskiy Zavod,RU,51.3088,119.61,-31.83,99,26,1.43,scattered clouds
299,Basco,PH,20.4487,121.9702,75.85,75,100,26.6,overcast clouds
300,Lavrentiya,RU,65.5833,-171.0,0.77,94,99,4.99,overcast clouds
301,San Juan De Abajo,MX,20.8167,-105.1833,74.88,78,0,5.75,clear sky
302,Champerico,GT,14.3,-91.9167,79.02,76,0,10.42,clear sky
303,Indianola,US,41.3581,-93.5574,30.06,76,88,10.0,overcast clouds
304,Nemuro,JP,43.3236,145.575,24.37,54,32,12.5,scattered clouds
305,Bakchar,RU,57.0186,82.0711,8.6,95,99,6.6,overcast clouds
306,Juegang,CN,32.3174,121.1855,47.98,80,100,6.8,overcast clouds
307,Haines Junction,CA,60.7522,-137.5108,10.35,85,99,2.3,light snow
308,Gabu,GW,12.2833,-14.2167,69.4,22,93,2.21,overcast clouds
309,Kemijarvi,FI,66.7131,27.4306,0.93,100,75,4.38,broken clouds
310,Umm Lajj,SA,25.0213,37.2685,66.6,52,0,10.31,clear sky
311,Ulaangom,MN,49.9811,92.0667,-19.12,84,29,3.13,scattered clouds
312,Nokaneng,BW,-19.6667,22.2667,69.42,84,100,4.74,overcast clouds
313,Kjopsvik,NO,68.097,16.3742,22.87,78,4,9.44,clear sky
314,Neepawa,CA,50.2289,-99.4664,5.4,84,10,6.85,clear sky
315,Berdigestyakh,RU,62.0989,126.6992,-30.06,100,95,2.44,overcast clouds
316,Namwala,ZM,-15.7504,26.4384,65.93,94,100,3.47,overcast clouds
317,Ambon,ID,-3.6954,128.1814,84.31,71,100,9.42,overcast clouds
318,Verkhnevilyuysk,RU,63.4453,120.3167,-23.57,98,100,4.5,overcast clouds
319,Terney,RU,45.0503,136.6092,14.63,62,78,11.25,broken clouds
320,Namibe,AO,-15.1961,12.1522,72.5,77,20,7.7,few clouds
321,Hualmay,PE,-11.0964,-77.6139,69.84,82,100,7.31,overcast clouds
322,Tara,RU,56.8944,74.371,5.16,97,100,4.36,overcast clouds
323,Uige,AO,-7.6087,15.0613,65.62,100,100,2.53,light rain
324,Bonthe,SL,7.5264,-12.505,75.87,78,0,2.66,clear sky
325,Koutsouras,GR,35.0339,25.9469,57.11,69,5,9.19,clear sky
326,Veraval,IN,20.9,70.3667,61.77,39,0,17.0,clear sky
327,Biak,ID,-0.9131,122.8766,82.08,68,100,0.83,overcast clouds
328,Bengkulu,ID,-3.8004,102.2655,76.96,82,100,4.23,overcast clouds
329,Brae,GB,60.3964,-1.353,45.36,80,97,9.28,overcast clouds
330,Miyako,JP,39.6367,141.9525,34.81,49,56,8.08,broken clouds
331,Mesto Albrechtice,CZ,50.1629,17.5748,51.22,76,100,19.17,overcast clouds
332,Hammerfest,NO,70.6634,23.6821,18.05,86,40,0.0,scattered clouds
333,Cap Malheureux,MU,-19.9842,57.6142,75.47,79,37,3.0,heavy intensity rain
334,Raga,SS,8.4596,25.678,68.65,36,0,4.85,clear sky
335,Araouane,ML,18.9048,-3.5265,62.24,21,100,9.84,overcast clouds
336,Sao Gabriel Da Cachoeira,BR,-0.1303,-67.0892,72.05,98,54,1.52,broken clouds
337,Mlonggo,ID,-6.5333,110.7,77.54,86,100,10.49,overcast clouds
338,Flinders,AU,-34.5833,150.8552,71.19,71,86,11.99,overcast clouds
339,Hurup,DK,56.7494,8.4195,36.72,95,100,5.01,overcast clouds
340,Korla,CN,41.7597,86.1469,17.28,59,90,2.3,overcast clouds
341,Lompoc,US,34.6391,-120.4579,58.78,91,100,14.97,mist
342,Jinka,ET,5.65,36.65,62.29,40,0,3.44,clear sky
343,Felipe Carrillo Puerto,MX,19.5833,-88.05,73.81,91,3,3.94,clear sky
344,Otradnoye,RU,59.7775,30.8181,12.96,97,79,1.88,light snow
345,Marsa Matruh,EG,31.3525,27.2453,55.6,76,40,9.22,scattered clouds
346,Grindavik,IS,63.8424,-22.4338,25.27,74,0,9.22,clear sky
347,Margate,GB,51.3813,1.3862,51.12,86,100,4.0,overcast clouds
348,Vao,NC,-22.6667,167.4833,76.62,76,3,9.6,clear sky
349,Pemangkat,ID,1.1667,108.9667,78.55,86,98,11.01,overcast clouds
350,Tonantins,BR,-2.8731,-67.8022,74.23,95,70,1.12,broken clouds
351,Koumac,NC,-20.5667,164.2833,82.99,62,60,6.67,broken clouds
352,Kampong Thum,KH,12.7111,104.8887,74.82,68,100,6.8,overcast clouds
353,Santa Cruz De Tenerife,ES,28.4682,-16.2546,65.71,95,75,6.91,broken clouds
354,Nanga Eboko,CM,4.6833,12.3667,65.5,49,23,1.54,few clouds
355,Stornoway,GB,58.2093,-6.3865,36.03,86,75,4.61,broken clouds
356,Kalakamati,BW,-20.5929,27.3121,67.5,88,100,5.5,light rain
357,El Seibo,DO,18.7641,-69.0375,72.93,91,81,7.43,broken clouds
358,Eureka,US,40.8021,-124.1637,55.2,91,100,8.01,moderate rain
359,Ko Samui,TH,9.5357,99.9357,82.31,74,20,12.66,few clouds
360,Baiyin,CN,36.5583,104.2081,26.06,40,100,1.07,overcast clouds
361,Mormugao,IN,15.4,73.8,72.82,57,66,7.05,broken clouds
362,High Level,CA,58.5169,-117.136,-3.89,84,0,2.3,clear sky
363,Buin,CL,-33.7333,-70.75,80.42,57,43,3.94,scattered clouds
364,Doha,QA,25.2867,51.5333,67.98,88,0,9.22,clear sky
365,Baiao,BR,-2.7906,-49.6717,72.95,98,98,2.24,overcast clouds
366,Bumba,CD,2.1833,22.4667,70.66,77,26,0.56,scattered clouds
367,Ullapool,GB,57.8987,-5.1604,41.34,84,58,6.55,broken clouds
368,Alta Floresta,BR,-9.8756,-56.0861,71.62,95,100,1.68,overcast clouds
369,Mackenzie,CA,55.2999,-123.1698,19.62,93,0,4.61,clear sky
370,Marfino,RU,55.7028,37.3822,28.31,86,75,13.42,broken clouds
371,Yashan,CN,22.1975,109.9419,62.46,67,100,4.5,overcast clouds
372,Te Anau,NZ,-45.4167,167.7167,61.68,85,100,2.15,overcast clouds
373,Edd,ER,13.9297,41.6925,78.87,45,6,16.24,clear sky
374,Yar-Sale,RU,66.8333,70.8333,-2.74,96,100,18.12,light snow
375,Beloha,MG,-25.1667,45.05,71.55,88,77,6.06,broken clouds
376,Izhma,RU,65.0083,53.9113,-14.06,100,98,2.3,overcast clouds
377,Bairiki,KI,1.3292,172.9752,86.0,70,20,9.22,few clouds
378,Perth,AU,-31.9333,115.8333,86.67,33,0,25.32,clear sky
379,Atambua,ID,-9.1061,124.8925,79.32,74,67,6.98,broken clouds
380,Batemans Bay,AU,-35.7167,150.1833,67.1,51,22,14.65,few clouds
381,Srandakan,ID,-7.9386,110.2506,77.77,86,100,7.54,overcast clouds
382,Ostrovnoy,RU,68.0531,39.5131,23.72,73,100,24.47,overcast clouds
383,Scarborough,GB,54.2797,-0.4044,49.57,85,17,3.0,few clouds
384,Joao Pinheiro,BR,-17.7425,-46.1725,69.98,88,100,0.18,light rain
385,Zlitan,LY,32.4674,14.5687,59.56,65,6,6.29,clear sky
386,Maragogi,BR,-9.0122,-35.2225,76.78,84,41,7.27,scattered clouds
387,Sao Joao Da Barra,BR,-21.6403,-41.0511,75.07,95,100,5.39,overcast clouds
388,Saint-Augustin,CA,51.226,-58.6502,4.26,72,1,16.24,clear sky
389,Tual,ID,-5.6667,132.75,83.28,77,98,16.96,overcast clouds
390,Lata,PT,40.1629,-8.3327,38.91,79,14,3.51,few clouds
391,Waddan,LY,29.1614,16.139,54.88,63,61,5.61,broken clouds
392,Coahuayana,MX,18.7333,-103.6833,74.14,76,0,1.72,clear sky
393,Muzhi,RU,65.3667,64.6667,0.55,96,100,17.65,light snow
394,Wilmington,US,34.2257,-77.9447,66.11,80,0,11.5,clear sky
395,Bud,US,39.447,-86.1758,42.33,76,100,11.86,overcast clouds
396,Luderitz,NA,-26.6481,15.1594,62.8,80,0,20.4,clear sky
397,Sapulpa,US,35.9987,-96.1142,48.76,51,0,4.61,clear sky
398,Hithadhoo,MV,-0.6,73.0833,81.23,63,25,10.38,scattered clouds
399,Porto Novo,BJ,6.4965,2.6036,78.62,72,59,4.45,broken clouds
400,Katangli,RU,51.7102,143.2326,10.87,92,100,14.38,overcast clouds
401,Hobyo,SO,5.3505,48.5268,75.85,78,86,12.06,overcast clouds
402,Jalingo,NG,8.8833,11.3667,72.07,31,66,5.08,broken clouds
403,Wawa,NG,9.9022,4.4192,74.07,36,55,4.47,broken clouds
404,Fairbanks,US,64.8378,-147.7164,0.09,82,0,0.0,clear sky
405,Lasa,IT,46.6166,10.7002,43.02,58,100,5.39,overcast clouds
406,Semey,KZ,50.4111,80.2275,30.42,93,100,35.79,light snow
407,Kurilsk,RU,45.2333,147.8833,24.24,58,99,23.85,overcast clouds
408,Goderich,CA,43.7501,-81.7165,40.91,93,100,6.91,overcast clouds
409,Sal Rei,CV,16.1833,-22.9167,73.35,78,100,17.6,overcast clouds
410,Guerrero Negro,MX,27.9769,-114.0611,62.96,67,5,10.2,clear sky
411,Stonewall,CA,50.1344,-97.3268,10.08,97,13,0.67,few clouds
412,Eyl,SO,7.9803,49.8164,73.63,74,11,13.62,few clouds
413,Sorsk,RU,54.0033,90.2467,14.38,78,100,12.24,overcast clouds
414,Beregovoy,RU,55.173,73.2198,12.25,96,100,3.62,light snow
415,Oristano,IT,39.9,8.6,50.07,92,8,2.48,clear sky
416,Cabo San Lucas,MX,22.8909,-109.9124,78.1,66,0,10.36,clear sky
417,Gamba,GA,-2.65,10.0,74.14,94,100,4.18,moderate rain
418,Camopi,GF,3.1655,-52.3158,72.05,100,100,2.33,overcast clouds
419,Pakhtakoron,TJ,40.1571,68.7466,40.71,55,0,18.68,clear sky
420,Salalah,OM,17.0151,54.0924,71.69,83,40,3.44,scattered clouds
421,Agadez,NE,19.75,10.25,54.68,35,6,9.35,clear sky
422,Tiarei,PF,-17.5333,-149.3333,82.42,80,100,13.06,overcast clouds
423,Gallup,US,35.5281,-108.7426,29.16,82,12,1.01,few clouds
424,Mount Isa,AU,-20.7333,139.5,80.37,69,99,10.36,light rain
425,Plouzane,FR,48.3833,-4.6167,53.92,100,100,14.97,light intensity drizzle
426,Ust-Kuyga,RU,70.0167,135.6,-49.52,100,95,3.36,overcast clouds
427,Butea,RO,47.0667,26.9167,37.69,80,60,7.02,broken clouds
428,Georgetown,MY,5.4112,100.3354,80.53,85,20,8.05,few clouds
429,Ayagoz,KZ,47.9714,80.4392,26.74,95,100,29.51,snow
430,Somoto,NI,13.4808,-86.5821,67.3,76,0,4.79,clear sky
431,Diffa,NE,13.3154,12.6113,66.15,38,6,13.31,clear sky
432,Lagoa,PT,39.05,-27.9833,58.53,76,100,18.41,overcast clouds
433,Kiunga,PG,-6.1219,141.2906,89.91,53,82,3.53,broken clouds
434,Noumea,NC,-22.2763,166.4572,85.98,75,56,12.82,broken clouds
435,Alma,CA,48.5501,-71.6491,13.21,80,100,5.46,overcast clouds
436,Newport,GB,51.5877,-2.9984,52.63,91,100,19.28,overcast clouds
437,Raudeberg,NO,61.9875,5.1352,37.96,60,100,16.71,overcast clouds
438,Chicama,PE,-7.8447,-79.1469,64.94,76,100,5.99,overcast clouds
439,San Benito,US,36.6166,-121.0844,49.35,84,100,24.61,overcast clouds
440,Fortuna,US,40.5982,-124.1573,54.93,95,100,23.02,moderate rain
441,Paamiut,GL,61.994,-49.6678,30.22,56,100,35.75,overcast clouds
442,San Patricio,US,28.017,-97.5169,67.53,36,7,2.48,clear sky
443,Quatre Cocos,MU,-20.2078,57.7625,77.11,78,43,11.63,light rain
444,Bontang,ID,0.1333,117.5,79.32,80,100,2.95,overcast clouds
445,Luanda,AO,-8.8368,13.2343,75.2,88,100,8.7,overcast clouds
446,Tomari,RU,47.7658,142.0683,19.54,77,100,19.17,overcast clouds
447,Martapura,ID,-3.4167,114.85,78.89,83,20,4.61,few clouds
448,Harstad,NO,68.799,16.5293,27.16,81,2,7.0,clear sky
449,Gazli,UZ,40.1333,63.45,42.26,46,0,12.97,clear sky
450,Livingston,GB,55.9029,-3.5226,43.84,95,0,9.22,clear sky
451,Madison,US,34.7334,-86.5667,57.47,62,0,11.99,clear sky
452,Kyotera,UG,-0.6156,31.5175,63.59,79,64,3.65,light rain
453,Eydhafushi,MV,5.1033,73.0708,80.24,68,63,13.04,broken clouds
454,Mayo,US,38.8876,-76.5119,64.11,94,100,9.22,overcast clouds
455,Coihaique,CL,-45.5752,-72.0662,65.01,63,20,3.44,few clouds
456,Sorland,NO,67.667,12.6934,30.06,53,0,26.82,clear sky
457,Sao Filipe,CV,14.8961,-24.4956,74.75,70,100,8.55,overcast clouds
458,Kaili,ID,-3.4626,120.2147,75.29,69,100,1.39,overcast clouds
459,Puksoozero,RU,62.5903,40.6066,-8.77,100,94,4.09,overcast clouds
460,Mahanoro,MG,-19.9,48.8,72.86,87,94,3.42,light rain
461,Champasak,LA,14.75,106.0,70.7,71,100,2.44,overcast clouds
462,Tevaitoa,PF,-16.7833,-151.5,81.97,68,97,15.86,overcast clouds
463,Taoudenni,ML,22.6783,-3.9836,62.29,17,4,11.27,clear sky
464,Buchanan,LR,5.8808,-10.0467,76.37,80,8,1.48,clear sky
465,Kidal,ML,18.4411,1.4078,61.34,24,9,10.51,clear sky
466,Hauterive,FR,46.0901,3.4459,50.76,81,100,6.49,overcast clouds
467,Bhuban,IN,20.8833,85.8333,58.08,74,4,2.68,clear sky
468,Yarada,IN,17.65,83.2667,75.52,73,75,6.91,haze
469,Naica,MX,27.85,-105.4833,59.9,21,2,6.69,clear sky
470,Liverpool,GB,53.4106,-2.9779,51.15,82,40,17.27,scattered clouds
471,Banda Aceh,ID,5.5577,95.3222,77.56,83,83,10.45,broken clouds
472,Sosva,RU,59.1766,61.8558,-18.62,100,100,2.37,overcast clouds
473,Paracuru,BR,-3.41,-39.0306,81.1,76,82,13.73,broken clouds
474,Houma,US,29.5958,-90.7195,64.0,69,5,3.0,clear sky
475,Chimore,BO,-16.9833,-65.1333,65.03,99,100,1.86,overcast clouds
476,Syracuse,IT,37.0881,15.2792,50.32,80,3,4.16,clear sky
477,Dire Dawa,ET,9.5931,41.8661,64.36,55,0,3.47,clear sky
478,Oistins,BB,13.0667,-59.5333,77.09,83,40,20.71,light rain
479,Letlhakeng,BW,-24.0944,25.0298,66.06,90,100,3.98,moderate rain
480,Dumas,US,35.8656,-101.9732,33.94,55,0,6.91,clear sky
481,Chichester,GB,50.8367,-0.78,52.36,93,100,3.0,overcast clouds
482,Masumbwe,TZ,-3.6333,32.1833,65.93,79,89,2.57,overcast clouds
483,Yakeshi,CN,49.2833,120.7333,-25.89,100,89,1.63,overcast clouds
484,Kuytun,RU,54.3419,101.5036,-12.1,99,100,2.84,overcast clouds
485,Carlsbad,US,33.1581,-117.3506,63.46,88,100,6.91,overcast clouds
486,Marica,BR,-22.9194,-42.8186,76.95,94,100,4.23,overcast clouds
487,Muisne,EC,0.6,-80.0333,75.36,84,94,3.96,overcast clouds
488,Tazmalt,DZ,36.3868,4.3989,48.79,90,41,2.89,scattered clouds
489,Panaba,MX,21.2833,-88.2667,78.4,66,100,6.78,overcast clouds
490,Gashua,NG,12.871,11.0482,64.63,30,16,12.24,few clouds
491,Dongying,CN,37.4564,118.4856,33.71,61,93,2.06,overcast clouds
492,Goedereede,NL,51.8175,3.9806,51.78,85,68,11.01,broken clouds
493,Saint Anthony,US,45.0205,-93.218,32.67,94,100,13.8,snow
494,Mount Pleasant,US,32.7941,-79.8626,65.08,95,0,11.5,clear sky
495,Reconquista,AR,-29.15,-59.65,74.48,31,0,7.52,clear sky
496,Huarmey,PE,-10.0681,-78.1522,70.14,82,100,7.02,overcast clouds
497,Klimovo,RU,52.3805,32.1923,31.84,86,100,11.52,overcast clouds
498,Dudinka,RU,69.4058,86.1778,-30.39,97,7,7.25,clear sky
499,Antalaha,MG,-14.9003,50.2788,72.64,86,100,6.06,overcast clouds
500,Pangnirtung,CA,66.1451,-65.7125,3.49,93,100,3.36,overcast clouds
501,Kamiiso,JP,41.8167,140.65,26.98,86,75,11.5,light shower snow
502,Inuvik,CA,68.3499,-133.7218,2.26,85,75,5.75,light snow
503,Traverse City,US,44.7631,-85.6206,37.99,99,100,1.99,overcast clouds
504,Sungaipenuh,ID,-2.0833,101.3833,67.51,87,100,0.58,overcast clouds
505,Sumbe,AO,-11.2061,13.8437,77.04,89,100,3.06,light rain
506,Sembe,CG,1.6481,14.5806,75.47,43,100,0.63,overcast clouds
507,Namatanai,PG,-3.6667,152.4333,85.93,65,80,7.67,broken clouds
508,Ust-Tarka,RU,55.5672,75.705,8.69,96,100,3.13,light snow
509,Fasa,IR,28.9383,53.6482,40.24,93,100,0.0,overcast clouds
510,Borba,BR,-4.3878,-59.5939,74.07,95,96,2.75,overcast clouds
511,Xifeng,CN,42.7372,124.7222,12.87,71,8,4.59,clear sky
512,Birjand,IR,32.8663,59.2211,37.87,25,0,11.5,clear sky
513,Cervo,ES,43.6702,-7.4101,55.96,83,0,6.91,clear sky
514,Rorvik,NO,64.8621,11.2373,26.71,50,100,17.27,overcast clouds
515,Nizhniy Tsasuchey,RU,50.5167,115.1333,-19.44,97,12,1.61,few clouds
516,Isabela,PH,6.7085,121.9711,78.85,79,100,8.28,overcast clouds
517,Progreso,MX,21.2833,-89.6667,77.11,83,86,8.57,overcast clouds
518,Longkou,CN,37.6508,120.3286,35.44,63,0,3.09,clear sky
519,Cap-Aux-Meules,CA,47.3821,-61.8597,28.42,64,75,28.77,broken clouds
520,Hutchinson,US,38.0608,-97.9298,34.03,72,0,9.22,clear sky
521,Griffith,US,41.5284,-87.4237,35.06,89,100,10.36,overcast clouds
522,Taltal,CL,-25.4,-70.4833,66.2,81,0,2.15,clear sky
523,Acarau,BR,-2.8856,-40.12,79.86,77,98,18.23,overcast clouds
524,Meulaboh,ID,4.1363,96.1285,76.21,87,100,2.59,overcast clouds
525,Belmonte,BR,-15.8631,-38.8828,76.82,87,100,8.25,overcast clouds
526,Redondela,ES,42.2834,-8.6096,53.26,100,100,5.75,fog
527,Cockburn Town,TC,21.4612,-71.1419,77.92,78,0,22.39,clear sky
528,Sao Paulo De Olivenca,BR,-3.3783,-68.8725,74.26,90,97,2.75,overcast clouds
529,Rocky Mountain House,CA,52.3668,-114.9188,8.71,72,4,1.14,clear sky
530,Grand Island,US,40.925,-98.342,29.19,78,100,13.8,overcast clouds
531,Ust-Tsilma,RU,65.441,52.1498,-2.24,99,99,3.51,overcast clouds
532,Lovozero,RU,68.005,35.0117,8.02,97,100,5.64,overcast clouds
533,Menongue,AO,-14.6585,17.691,59.18,95,99,3.51,overcast clouds
534,Sinnamary,GF,5.3833,-52.95,75.85,91,100,11.39,overcast clouds
535,Esperance,AU,-33.8667,121.9,69.51,56,3,15.05,clear sky
536,Hovd,MN,48.0056,91.6419,3.74,61,89,10.85,overcast clouds
537,Dicabisagan,PH,17.0818,122.4157,75.63,89,100,13.87,overcast clouds
538,Cam Ranh,VN,11.9214,109.1591,75.16,83,75,24.16,broken clouds
539,Siddipet,IN,18.1,78.85,64.22,97,26,8.41,scattered clouds
540,Uniao,BR,-4.5858,-42.8642,76.3,84,100,3.76,overcast clouds
541,Sambava,MG,-14.2667,50.1667,74.3,87,23,7.34,few clouds
542,Bassano,CA,50.7834,-112.4685,18.09,82,1,4.79,clear sky
543,Shubarshi,KZ,48.5872,57.1869,33.22,94,100,10.54,overcast clouds
544,Corner Brook,CA,48.9667,-57.9484,23.16,80,90,14.05,overcast clouds
545,Viransehir,TR,37.2353,39.7631,41.7,30,2,3.91,clear sky
546,Sri Aman,MY,1.2376,111.4621,75.25,100,20,3.44,few clouds
547,Dinghai,CN,26.2847,119.7936,56.32,74,85,10.42,overcast clouds
548,Inhapim,BR,-19.5492,-42.12,70.39,98,100,4.05,overcast clouds
549,Falmouth,GB,50.1544,-5.0711,54.5,100,100,11.5,overcast clouds
550,Ngunguru,NZ,-35.6167,174.5,67.77,98,100,20.22,overcast clouds
551,Hudson Bay,CA,52.85,-102.3842,12.81,93,29,5.5,scattered clouds
552,Santa Rosalia,MX,27.3167,-112.2833,58.89,56,0,1.79,clear sky
553,Rawah,IQ,34.4816,41.9093,49.8,71,100,15.23,overcast clouds
554,Neftcala,AZ,39.3742,49.2472,49.73,74,100,18.16,overcast clouds
555,Paita,PE,-5.0892,-81.1144,68.67,80,100,13.02,overcast clouds
556,Botwood,CA,49.1499,-55.3482,29.89,81,51,11.03,broken clouds
557,Wenling,CN,28.3669,121.36,52.61,73,100,6.35,overcast clouds
558,Ust-Nera,RU,64.5667,143.2,-31.05,99,99,4.32,overcast clouds
559,Farah,AF,32.5,62.5,40.39,34,100,0.25,overcast clouds
560,Arroyo,ES,41.6096,-4.7969,30.24,100,0,3.44,clear sky
561,Beyneu,KZ,45.3167,55.2,38.79,94,100,7.87,overcast clouds
562,Saint-Joseph,RE,-21.3667,55.6167,77.47,79,33,9.8,light rain
563,Wajir,KE,1.7471,40.0573,75.79,70,100,10.6,overcast clouds
564,Sinegorskiy,RU,48.0139,40.8447,31.8,74,7,8.41,clear sky
565,Peace River,CA,56.2501,-117.286,8.91,85,20,4.61,few clouds
566,Port-Cartier,CA,50.0334,-66.8654,6.48,76,6,9.35,clear sky
